{"accuracy": 0.79375, "f1_score": 0.79375, "precision": 0.79375, "recall": 0.79375}